concurrency,active_decode_throughput_mean,active_decode_throughput_std,active_decode_throughput_min,active_decode_throughput_max,active_decode_throughput_cv,active_decode_throughput_per_user_mean,active_decode_throughput_per_user_std,active_decode_throughput_per_user_min,active_decode_throughput_per_user_max,active_decode_throughput_per_user_cv,active_prefill_throughput_mean,active_prefill_throughput_std,active_prefill_throughput_min,active_prefill_throughput_max,active_prefill_throughput_cv,active_prefill_throughput_per_user_mean,active_prefill_throughput_per_user_std,active_prefill_throughput_per_user_min,active_prefill_throughput_per_user_max,active_prefill_throughput_per_user_cv,active_total_throughput_mean,active_total_throughput_std,active_total_throughput_min,active_total_throughput_max,active_total_throughput_cv,benchmark_duration_mean,benchmark_duration_std,benchmark_duration_min,benchmark_duration_max,benchmark_duration_cv,credit_to_start_latency_mean,credit_to_start_latency_std,credit_to_start_latency_min,credit_to_start_latency_max,credit_to_start_latency_cv,decode_duration_mean,decode_duration_std,decode_duration_min,decode_duration_max,decode_duration_cv,e2e_output_token_throughput_mean,e2e_output_token_throughput_std,e2e_output_token_throughput_min,e2e_output_token_throughput_max,e2e_output_token_throughput_cv,effective_concurrency_mean,effective_concurrency_std,effective_concurrency_min,effective_concurrency_max,effective_concurrency_cv,effective_decode_concurrency_mean,effective_decode_concurrency_std,effective_decode_concurrency_min,effective_decode_concurrency_max,effective_decode_concurrency_cv,effective_decode_throughput_mean,effective_decode_throughput_std,effective_decode_throughput_min,effective_decode_throughput_max,effective_decode_throughput_cv,effective_decode_throughput_per_user_mean,effective_decode_throughput_per_user_std,effective_decode_throughput_per_user_min,effective_decode_throughput_per_user_max,effective_decode_throughput_per_user_cv,effective_latency_mean,effective_latency_std,effective_latency_min,effective_latency_max,effective_latency_cv,effective_prefill_concurrency_mean,effective_prefill_concurrency_std,effective_prefill_concurrency_min,effective_prefill_concurrency_max,effective_prefill_concurrency_cv,effective_prefill_throughput_mean,effective_prefill_throughput_std,effective_prefill_throughput_min,effective_prefill_throughput_max,effective_prefill_throughput_cv,effective_prefill_throughput_per_user_mean,effective_prefill_throughput_per_user_std,effective_prefill_throughput_per_user_min,effective_prefill_throughput_per_user_max,effective_prefill_throughput_per_user_cv,effective_total_throughput_mean,effective_total_throughput_std,effective_total_throughput_min,effective_total_throughput_max,effective_total_throughput_cv,http_req_blocked_mean,http_req_blocked_std,http_req_blocked_min,http_req_blocked_max,http_req_blocked_cv,http_req_chunks_received_mean,http_req_chunks_received_std,http_req_chunks_received_min,http_req_chunks_received_max,http_req_chunks_received_cv,http_req_chunks_sent_mean,http_req_chunks_sent_std,http_req_chunks_sent_min,http_req_chunks_sent_max,http_req_chunks_sent_cv,http_req_connecting_mean,http_req_connecting_std,http_req_connecting_min,http_req_connecting_max,http_req_connecting_cv,http_req_connection_overhead_mean,http_req_connection_overhead_std,http_req_connection_overhead_min,http_req_connection_overhead_max,http_req_connection_overhead_cv,http_req_connection_reused_mean,http_req_connection_reused_std,http_req_connection_reused_min,http_req_connection_reused_max,http_req_connection_reused_cv,http_req_data_received_mean,http_req_data_received_std,http_req_data_received_min,http_req_data_received_max,http_req_data_received_cv,http_req_data_sent_mean,http_req_data_sent_std,http_req_data_sent_min,http_req_data_sent_max,http_req_data_sent_cv,http_req_dns_lookup_mean,http_req_dns_lookup_std,http_req_dns_lookup_min,http_req_dns_lookup_max,http_req_dns_lookup_cv,http_req_duration_mean,http_req_duration_std,http_req_duration_min,http_req_duration_max,http_req_duration_cv,http_req_receiving_mean,http_req_receiving_std,http_req_receiving_min,http_req_receiving_max,http_req_receiving_cv,http_req_sending_mean,http_req_sending_std,http_req_sending_min,http_req_sending_max,http_req_sending_cv,http_req_total_mean,http_req_total_std,http_req_total_min,http_req_total_max,http_req_total_cv,http_req_waiting_mean,http_req_waiting_std,http_req_waiting_min,http_req_waiting_max,http_req_waiting_cv,input_sequence_length_mean,input_sequence_length_std,input_sequence_length_min,input_sequence_length_max,input_sequence_length_cv,input_token_throughput_mean,input_token_throughput_std,input_token_throughput_min,input_token_throughput_max,input_token_throughput_cv,inter_chunk_latency_mean,inter_chunk_latency_std,inter_chunk_latency_min,inter_chunk_latency_max,inter_chunk_latency_cv,inter_token_latency_mean,inter_token_latency_std,inter_token_latency_min,inter_token_latency_max,inter_token_latency_cv,nvidia_average_gpu_power_mean,nvidia_average_gpu_power_std,nvidia_average_gpu_power_min,nvidia_average_gpu_power_max,nvidia_average_gpu_power_cv,nvidia_energy_delay_product_mean,nvidia_energy_delay_product_std,nvidia_energy_delay_product_min,nvidia_energy_delay_product_max,nvidia_energy_delay_product_cv,nvidia_energy_per_output_token_mean,nvidia_energy_per_output_token_std,nvidia_energy_per_output_token_min,nvidia_energy_per_output_token_max,nvidia_energy_per_output_token_cv,nvidia_energy_per_request_mean,nvidia_energy_per_request_std,nvidia_energy_per_request_min,nvidia_energy_per_request_max,nvidia_energy_per_request_cv,nvidia_energy_per_total_token_mean,nvidia_energy_per_total_token_std,nvidia_energy_per_total_token_min,nvidia_energy_per_total_token_max,nvidia_energy_per_total_token_cv,nvidia_energy_per_user_mean,nvidia_energy_per_user_std,nvidia_energy_per_user_min,nvidia_energy_per_user_max,nvidia_energy_per_user_cv,nvidia_output_tokens_per_joule_mean,nvidia_output_tokens_per_joule_std,nvidia_output_tokens_per_joule_min,nvidia_output_tokens_per_joule_max,nvidia_output_tokens_per_joule_cv,nvidia_output_tps_per_watt_mean,nvidia_output_tps_per_watt_std,nvidia_output_tps_per_watt_min,nvidia_output_tps_per_watt_max,nvidia_output_tps_per_watt_cv,nvidia_performance_per_watt_mean,nvidia_performance_per_watt_std,nvidia_performance_per_watt_min,nvidia_performance_per_watt_max,nvidia_performance_per_watt_cv,nvidia_total_gpu_energy_mean,nvidia_total_gpu_energy_std,nvidia_total_gpu_energy_min,nvidia_total_gpu_energy_max,nvidia_total_gpu_energy_cv,nvidia_total_gpu_power_mean,nvidia_total_gpu_power_std,nvidia_total_gpu_power_min,nvidia_total_gpu_power_max,nvidia_total_gpu_power_cv,osl_mismatch_count_mean,osl_mismatch_count_std,osl_mismatch_count_min,osl_mismatch_count_max,osl_mismatch_count_cv,osl_mismatch_diff_pct_mean,osl_mismatch_diff_pct_std,osl_mismatch_diff_pct_min,osl_mismatch_diff_pct_max,osl_mismatch_diff_pct_cv,output_sequence_length_mean,output_sequence_length_std,output_sequence_length_min,output_sequence_length_max,output_sequence_length_cv,output_token_count_mean,output_token_count_std,output_token_count_min,output_token_count_max,output_token_count_cv,output_token_throughput_mean,output_token_throughput_std,output_token_throughput_min,output_token_throughput_max,output_token_throughput_cv,output_token_throughput_per_user_mean,output_token_throughput_per_user_std,output_token_throughput_per_user_min,output_token_throughput_per_user_max,output_token_throughput_per_user_cv,prefill_throughput_per_user_mean,prefill_throughput_per_user_std,prefill_throughput_per_user_min,prefill_throughput_per_user_max,prefill_throughput_per_user_cv,reasoning_token_count_mean,reasoning_token_count_std,reasoning_token_count_min,reasoning_token_count_max,reasoning_token_count_cv,request_count_mean,request_count_std,request_count_min,request_count_max,request_count_cv,request_latency_mean,request_latency_std,request_latency_min,request_latency_max,request_latency_cv,request_throughput_mean,request_throughput_std,request_throughput_min,request_throughput_max,request_throughput_cv,time_to_first_output_token_mean,time_to_first_output_token_std,time_to_first_output_token_min,time_to_first_output_token_max,time_to_first_output_token_cv,time_to_first_token_mean,time_to_first_token_std,time_to_first_token_min,time_to_first_token_max,time_to_first_token_cv,time_to_second_token_mean,time_to_second_token_std,time_to_second_token_min,time_to_second_token_max,time_to_second_token_cv,tokens_in_flight_mean,tokens_in_flight_std,tokens_in_flight_min,tokens_in_flight_max,tokens_in_flight_cv,total_isl_mean,total_isl_std,total_isl_min,total_isl_max,total_isl_cv,total_osl_mean,total_osl_std,total_osl_min,total_osl_max,total_osl_cv,total_output_tokens_mean,total_output_tokens_std,total_output_tokens_min,total_output_tokens_max,total_output_tokens_cv,total_reasoning_tokens_mean,total_reasoning_tokens_std,total_reasoning_tokens_min,total_reasoning_tokens_max,total_reasoning_tokens_cv,total_token_throughput_mean,total_token_throughput_std,total_token_throughput_min,total_token_throughput_max,total_token_throughput_cv
10,795.26,0.00,0.00,1347.03,0.0000,83.33,0.00,0.00,162.78,0.0000,2979.48,0.00,9.35,8781.36,0.0000,2482.34,0.00,9.35,4605.85,0.0000,2065.99,0.00,79.60,9345.93,0.0000,250.47,0.00,250.47,250.47,0.0000,0.54,0.00,0.37,1.00,0.0000,2356.53,0.00,1546.74,3644.33,0.0000,83.65,0.00,52.89,117.71,0.0000,9.95,0.00,0.00,10.00,0.0000,9.41,0.00,0.00,10.00,0.0000,794.42,0.00,0.00,1347.03,0.0000,83.24,0.00,0.00,162.78,0.0000,2491.81,0.00,1699.67,3781.79,0.0000,0.54,0.00,0.00,10.00,0.0000,1271.55,0.00,0.00,8781.36,0.0000,1059.39,0.00,0.00,4605.85,0.0000,2065.98,0.00,0.00,9345.93,0.0000,0.00,0.00,0.00,0.00,0.0000,70.64,0.00,51.00,109.00,0.0000,1.00,0.00,1.00,1.00,0.0000,0.00,0.00,0.00,0.72,0.0000,0.00,0.00,0.00,0.72,0.0000,0.99,0.00,0.00,1.00,0.0000,18.90,0.00,13.92,28.57,0.0000,1.48,0.00,0.12,3.41,0.0000,0.00,0.00,0.00,0.00,0.0000,2491.22,0.00,1699.04,3781.26,0.0000,2356.53,0.00,1546.75,3644.32,0.0000,0.10,0.00,0.08,3.12,0.0000,2491.23,0.00,1699.04,3781.26,0.0000,134.59,0.00,103.86,294.20,0.0000,318.49,0.00,1.00,730.00,0.0000,1271.55,0.00,1271.55,1271.55,0.0000,33.84,0.00,25.95,117.79,0.0000,11.84,0.00,7.77,18.31,0.0000,435.10,0.00,435.10,435.10,0.0000,271.50,0.00,271.50,271.50,0.0000,544.95,0.00,544.95,544.95,0.0000,108.98,0.00,108.98,108.98,0.0000,210.20,0.00,210.20,210.20,0.0000,10898.18,0.00,10898.18,10898.18,0.0000,1.84,0.00,1.84,1.84,0.0000,1.84,0.00,1.84,1.84,0.0000,0.01,0.00,0.01,0.01,0.0000,108981.84,0.00,108981.84,108981.84,0.0000,536.87,0.00,536.87,536.87,0.0000,1.00,0.00,1.00,1.00,0.0000,-0.01,0.00,-5.50,0.50,0.0000,199.98,0.00,189.00,201.00,0.0000,50.00,0.00,12.00,88.00,0.0000,798.42,0.00,798.42,798.42,0.0000,88.35,0.00,54.61,128.66,0.0000,2372.13,0.00,9.35,4605.85,0.0000,199.88,0.00,101.00,201.00,0.0000,1000.00,0.00,1000.00,1000.00,0.0000,2491.27,0.00,1699.11,3781.30,0.0000,3.99,0.00,3.99,3.99,0.0000,1909.67,0.00,1274.98,2544.35,0.0000,134.75,0.00,104.01,294.68,0.0000,33.12,0.00,26.73,113.62,0.0000,4202.32,0.00,0.00,5920.48,0.0000,318493.00,0.00,318493.00,318493.00,0.0000,199984.00,0.00,199984.00,199984.00,0.0000,100.00,0.00,100.00,100.00,0.0000,199884.00,0.00,199884.00,199884.00,0.0000,2069.97,0.00,2069.97,2069.97,0.0000
25,1304.40,0.00,0.00,2098.53,0.0000,55.16,0.00,0.00,136.15,0.0000,2930.46,0.00,5.60,8472.05,0.0000,1812.88,0.00,5.60,3687.23,0.0000,3368.36,0.00,76.33,9658.83,0.0000,153.22,0.00,153.22,153.22,0.0000,0.54,0.00,0.36,2.89,0.0000,3594.67,0.00,1932.71,5517.14,0.0000,54.97,0.00,35.01,95.67,0.0000,24.76,0.00,0.00,25.00,0.0000,23.46,0.00,0.00,25.00,0.0000,1298.50,0.00,0.00,2098.53,0.0000,54.91,0.00,0.00,136.15,0.0000,3794.71,0.00,2091.19,5712.43,0.0000,1.30,0.00,0.00,25.00,0.0000,2069.81,0.00,0.00,8472.05,0.0000,1280.45,0.00,0.00,3687.23,0.0000,3368.31,0.00,0.00,9658.83,0.0000,0.00,0.00,0.00,0.00,0.0000,71.85,0.00,51.00,108.00,0.0000,1.00,0.00,1.00,1.00,0.0000,0.02,0.00,0.00,1.61,0.0000,0.02,0.00,0.00,2.76,0.0000,0.98,0.00,0.00,1.00,0.0000,19.20,0.00,13.96,28.30,0.0000,1.48,0.00,0.12,3.34,0.0000,0.01,0.00,0.00,1.15,0.0000,3794.11,0.00,2090.52,5711.88,0.0000,3594.67,0.00,1932.72,5517.15,0.0000,0.12,0.00,0.08,1.90,0.0000,3794.13,0.00,2090.52,5711.88,0.0000,199.32,0.00,125.64,733.32,0.0000,317.15,0.00,1.00,725.00,0.0000,2069.81,0.00,2069.81,2069.81,0.0000,50.74,0.00,26.16,153.50,0.0000,18.07,0.00,9.71,27.72,0.0000,455.09,0.00,455.09,455.09,0.0000,264.57,0.00,264.57,264.57,0.0000,348.72,0.00,348.72,348.72,0.0000,69.73,0.00,69.73,69.73,0.0000,134.85,0.00,134.85,134.85,0.0000,2789.26,0.00,2789.26,2789.26,0.0000,2.87,0.00,2.87,2.87,0.0000,2.87,0.00,2.87,2.87,0.0000,0.01,0.00,0.01,0.01,0.0000,69731.41,0.00,69731.41,69731.41,0.0000,568.21,0.00,568.21,568.21,0.0000,1.00,0.00,1.00,1.00,0.0000,-0.02,0.00,-12.50,1.00,0.0000,199.96,0.00,175.00,202.00,0.0000,51.00,0.00,19.00,93.00,0.0000,1305.03,0.00,1305.03,1305.03,0.0000,58.03,0.00,36.07,102.96,0.0000,1689.35,0.00,5.60,3687.22,0.0000,199.76,0.00,82.00,202.00,0.0000,1000.00,0.00,1000.00,1000.00,0.0000,3794.16,0.00,2090.58,5711.93,0.0000,6.53,0.00,6.53,6.53,0.0000,3499.24,0.00,2089.77,4545.22,0.0000,199.49,0.00,125.78,734.05,0.0000,51.21,0.00,35.91,126.11,0.0000,10400.31,0.00,0.00,12958.24,0.0000,317148.00,0.00,317148.00,317148.00,0.0000,199964.00,0.00,199964.00,199964.00,0.0000,204.00,0.00,204.00,204.00,0.0000,199760.00,0.00,199760.00,199760.00,0.0000,3374.84,0.00,3374.84,3374.84,0.0000
50,1699.83,0.00,0.00,2689.31,0.0000,36.57,0.00,0.00,119.64,0.0000,3088.12,0.00,4.41,9740.11,0.0000,1199.05,0.00,4.41,3218.63,0.0000,4313.29,0.00,48.86,9783.27,0.0000,117.97,0.00,117.97,117.97,0.0000,0.63,0.00,0.40,3.02,0.0000,5466.86,0.00,2565.86,9192.09,0.0000,35.97,0.00,21.18,69.34,0.0000,49.22,0.00,0.00,50.00,0.0000,46.34,0.00,0.00,50.00,0.0000,1686.70,0.00,0.00,2689.31,0.0000,36.28,0.00,0.00,119.64,0.0000,5807.79,0.00,2884.95,9441.83,0.0000,2.88,0.00,0.00,50.00,0.0000,2626.49,0.00,0.00,9740.11,0.0000,1019.81,0.00,0.00,3218.63,0.0000,4313.19,0.00,0.00,9783.27,0.0000,0.00,0.00,0.00,0.00,0.0000,70.70,0.00,51.00,115.00,0.0000,1.00,0.00,1.00,1.00,0.0000,0.05,0.00,0.00,3.19,0.0000,0.07,0.00,0.00,4.82,0.0000,0.94,0.00,0.00,1.00,0.0000,18.91,0.00,13.96,30.12,0.0000,1.44,0.00,0.12,3.91,0.0000,0.02,0.00,0.00,1.65,0.0000,5807.11,0.00,2884.32,9441.28,0.0000,5466.87,0.00,2565.86,9192.08,0.0000,0.16,0.00,0.08,3.49,0.0000,5807.17,0.00,2884.32,9441.28,0.0000,340.08,0.00,186.98,1663.06,0.0000,309.86,0.00,1.00,848.00,0.0000,2626.49,0.00,2626.49,2626.49,0.0000,78.43,0.00,26.15,698.72,0.0000,27.47,0.00,12.89,46.19,0.0000,467.11,0.00,467.11,467.11,0.0000,320.02,0.00,320.02,320.02,0.0000,275.55,0.00,275.55,275.55,0.0000,55.11,0.00,55.11,55.11,0.0000,108.09,0.00,108.09,108.09,0.0000,1102.14,0.00,1102.14,1102.14,0.0000,3.63,0.00,3.63,3.63,0.0000,3.63,0.00,3.63,3.63,0.0000,0.02,0.00,0.02,0.02,0.0000,55106.98,0.00,55106.98,55106.98,0.0000,583.81,0.00,583.81,583.81,0.0000,0.00,0.00,0.00,0.00,0.0000,-0.01,0.00,-1.00,0.50,0.0000,199.99,0.00,198.00,201.00,0.0000,56.00,0.00,56.00,56.00,0.0000,1695.18,0.00,1695.18,1695.18,0.0000,38.27,0.00,21.65,77.56,0.0000,1097.58,0.00,4.41,3218.63,0.0000,199.93,0.00,143.00,201.00,0.0000,1000.00,0.00,1000.00,1000.00,0.0000,5807.16,0.00,2884.39,9441.33,0.0000,8.48,0.00,8.48,8.48,0.0000,5226.81,0.00,5226.81,5226.81,0.0000,340.30,0.00,187.14,1665.75,0.0000,78.98,0.00,55.94,698.72,0.0000,20301.68,0.00,0.00,23878.75,0.0000,309858.00,0.00,309858.00,309858.00,0.0000,199987.00,0.00,199987.00,199987.00,0.0000,56.00,0.00,56.00,56.00,0.0000,199931.00,0.00,199931.00,199931.00,0.0000,4321.67,0.00,4321.67,4321.67,0.0000
75,1796.25,0.00,2.51,2779.47,0.0000,26.15,0.00,2.51,114.89,0.0000,3170.98,0.00,24.65,9819.59,0.0000,901.31,0.00,24.65,2057.73,0.0000,4640.94,0.00,46.81,9819.59,0.0000,111.81,0.00,111.81,111.81,0.0000,0.64,0.00,0.38,3.44,0.0000,7716.71,0.00,3148.45,12233.53,0.0000,25.55,0.00,15.81,57.93,0.0000,73.66,0.00,0.00,75.00,0.0000,69.01,0.00,0.00,75.00,0.0000,1779.64,0.00,0.00,2779.47,0.0000,25.91,0.00,0.00,114.89,0.0000,8236.95,0.00,3452.89,12650.69,0.0000,4.65,0.00,0.00,75.00,0.0000,2861.21,0.00,0.00,9819.59,0.0000,813.26,0.00,0.00,2057.73,0.0000,4640.84,0.00,0.00,9819.59,0.0000,0.00,0.00,0.00,0.00,0.0000,71.68,0.00,51.00,112.00,0.0000,1.00,0.00,1.00,1.00,0.0000,0.09,0.00,0.00,4.02,0.0000,0.10,0.00,0.00,6.43,0.0000,0.89,0.00,0.00,1.00,0.0000,19.15,0.00,13.93,29.29,0.0000,1.49,0.00,0.12,3.80,0.0000,0.02,0.00,0.00,2.41,0.0000,8236.26,0.00,3452.27,12650.09,0.0000,7716.71,0.00,3148.45,12233.53,0.0000,0.20,0.00,0.08,4.24,0.0000,8236.37,0.00,3452.27,12650.09,0.0000,519.35,0.00,263.61,2599.49,0.0000,319.92,0.00,1.00,819.00,0.0000,2861.21,0.00,2861.21,2861.21,0.0000,109.18,0.00,25.99,1365.10,0.0000,38.78,0.00,15.82,61.48,0.0000,471.66,0.00,471.66,471.66,0.0000,434.36,0.00,434.36,434.36,0.0000,263.70,0.00,263.70,263.70,0.0000,52.74,0.00,52.74,52.74,0.0000,101.44,0.00,101.44,101.44,0.0000,703.16,0.00,703.16,703.16,0.0000,3.79,0.00,3.79,3.79,0.0000,3.79,0.00,3.79,3.79,0.0000,0.02,0.00,0.02,0.02,0.0000,52736.98,0.00,52736.98,52736.98,0.0000,592.28,0.00,592.28,592.28,0.0000,0.00,0.00,0.00,0.00,0.0000,-0.01,0.00,-1.00,1.00,0.0000,199.99,0.00,198.00,202.00,0.0000,54.00,0.00,5.00,103.00,0.0000,1788.58,0.00,1788.58,1788.58,0.0000,27.32,0.00,16.27,63.21,0.0000,828.41,0.00,1.76,2391.40,0.0000,199.88,0.00,96.00,202.00,0.0000,1000.00,0.00,1000.00,1000.00,0.0000,8236.31,0.00,3452.32,12650.13,0.0000,8.94,0.00,8.94,8.94,0.0000,7700.61,0.00,5061.45,10339.77,0.0000,519.61,0.00,263.75,2600.27,0.0000,113.03,0.00,79.21,1365.10,0.0000,31131.37,0.00,0.00,34925.62,0.0000,319918.00,0.00,319918.00,319918.00,0.0000,199985.00,0.00,199985.00,199985.00,0.0000,108.00,0.00,108.00,108.00,0.0000,199877.00,0.00,199877.00,199877.00,0.0000,4649.79,0.00,4649.79,4649.79,0.0000
100,1893.50,0.00,2.66,2899.49,0.0000,23.43,0.00,2.66,116.29,0.0000,3013.10,0.00,98.34,10944.12,0.0000,189.53,0.00,31.71,298.83,0.0000,4764.38,0.00,36.43,10944.12,0.0000,105.83,0.00,105.83,105.83,0.0000,0.71,0.00,0.39,4.04,0.0000,8636.56,0.00,3354.56,13394.12,0.0000,20.18,0.00,9.67,40.89,0.0000,97.55,0.00,0.00,100.00,0.0000,81.60,0.00,0.00,88.00,0.0000,1880.08,0.00,0.00,2899.49,0.0000,23.27,0.00,0.00,116.29,0.0000,10324.81,0.00,4891.77,20676.19,0.0000,15.94,0.00,0.00,100.00,0.0000,2884.20,0.00,0.00,10944.12,0.0000,181.42,0.00,0.00,298.83,0.0000,4764.28,0.00,0.00,10944.12,0.0000,0.00,0.00,0.00,0.00,0.0000,71.10,0.00,51.00,108.00,0.0000,1.00,0.00,1.00,1.00,0.0000,0.14,0.00,0.00,4.89,0.0000,0.16,0.00,0.00,7.43,0.0000,0.82,0.00,0.00,1.00,0.0000,19.01,0.00,13.90,28.31,0.0000,1.43,0.00,0.12,3.46,0.0000,0.02,0.00,0.00,2.89,0.0000,10324.05,0.00,4891.09,20672.95,0.0000,8636.56,0.00,3354.56,13394.13,0.0000,0.25,0.00,0.04,5.11,0.0000,10324.21,0.00,4891.09,20673.20,0.0000,1687.24,0.00,746.42,8223.55,0.0000,305.25,0.00,1.00,763.00,0.0000,2884.20,0.00,2884.20,2884.20,0.0000,123.20,0.00,26.03,1383.06,0.0000,43.41,0.00,16.86,67.31,0.0000,476.62,0.00,476.62,476.62,0.0000,520.78,0.00,520.78,520.78,0.0000,252.24,0.00,252.24,252.24,0.0000,50.44,0.00,50.44,50.44,0.0000,99.84,0.00,99.84,99.84,0.0000,504.43,0.00,504.43,504.43,0.0000,3.96,0.00,3.96,3.96,0.0000,3.96,0.00,3.96,3.96,0.0000,0.02,0.00,0.02,0.02,0.0000,50443.43,0.00,50443.43,50443.43,0.0000,592.70,0.00,592.70,592.70,0.0000,0.00,0.00,0.00,0.00,0.0000,-0.01,0.00,-1.50,0.00,0.0000,199.98,0.00,197.00,200.00,0.0000,157.50,0.00,122.00,193.00,0.0000,1889.53,0.00,1889.53,1889.53,0.0000,24.34,0.00,14.86,59.32,0.0000,197.41,0.00,1.23,517.46,0.0000,199.66,0.00,6.00,200.00,0.0000,1000.00,0.00,1000.00,1000.00,0.0000,10324.10,0.00,4891.14,20672.99,0.0000,9.45,0.00,9.45,9.45,0.0000,3595.98,0.00,2211.37,4980.59,0.0000,1687.54,0.00,746.63,8223.98,0.0000,138.42,0.00,89.56,1383.06,0.0000,38419.64,0.00,0.00,43821.19,0.0000,305249.00,0.00,305249.00,305249.00,0.0000,199978.00,0.00,199978.00,199978.00,0.0000,315.00,0.00,315.00,315.00,0.0000,199663.00,0.00,199663.00,199663.00,0.0000,4773.73,0.00,4773.73,4773.73,0.0000
150,1882.18,0.00,0.00,2984.82,0.0000,23.04,0.00,0.00,670.21,0.0000,3025.06,0.00,92.51,11809.81,0.0000,45.60,0.00,33.88,128.00,0.0000,4754.30,0.00,38.54,11809.81,0.0000,107.21,0.00,107.21,107.21,0.0000,0.79,0.00,0.39,19.25,0.0000,8757.30,0.00,3502.39,13796.10,0.0000,13.41,0.00,8.42,26.36,0.0000,144.06,0.00,0.00,150.00,0.0000,81.68,0.00,0.00,88.00,0.0000,1855.72,0.00,0.00,2984.82,0.0000,22.72,0.00,0.00,670.21,0.0000,15446.32,0.00,7589.03,23756.81,0.0000,62.38,0.00,0.00,150.00,0.0000,2898.47,0.00,0.00,11809.81,0.0000,43.69,0.00,0.00,128.00,0.0000,4754.19,0.00,0.00,11809.81,0.0000,0.00,0.00,0.00,0.00,0.0000,72.07,0.00,51.00,110.00,0.0000,1.00,0.00,1.00,1.00,0.0000,0.23,0.00,0.00,21.13,0.0000,0.25,0.00,0.00,22.45,0.0000,0.84,0.00,0.00,1.00,0.0000,19.25,0.00,13.95,28.75,0.0000,1.45,0.00,0.12,3.95,0.0000,0.02,0.00,0.00,2.57,0.0000,15445.48,0.00,7586.94,23754.22,0.0000,8757.30,0.00,3502.39,13796.10,0.0000,0.33,0.00,0.04,21.35,0.0000,15445.73,0.00,7587.76,23754.43,0.0000,6687.85,0.00,1503.96,12263.27,0.0000,310.76,0.00,1.00,852.00,0.0000,2898.47,0.00,2898.47,2898.47,0.0000,123.22,0.00,3.37,1393.89,0.0000,44.02,0.00,17.60,69.33,0.0000,475.90,0.00,475.90,475.90,0.0000,788.08,0.00,788.08,788.08,0.0000,255.17,0.00,255.17,255.17,0.0000,51.02,0.00,51.02,51.02,0.0000,99.90,0.00,99.90,99.90,0.0000,340.15,0.00,340.15,340.15,0.0000,3.92,0.00,3.92,3.92,0.0000,3.92,0.00,3.92,3.92,0.0000,0.02,0.00,0.02,0.02,0.0000,51022.97,0.00,51022.97,51022.97,0.0000,592.21,0.00,592.21,592.21,0.0000,1.00,0.00,1.00,1.00,0.0000,-0.02,0.00,-10.00,1.50,0.0000,199.96,0.00,180.00,203.00,0.0000,43.67,0.00,27.00,62.00,0.0000,1865.05,0.00,1865.05,1865.05,0.0000,24.07,0.00,14.42,56.82,0.0000,50.20,0.00,0.15,319.11,0.0000,199.83,0.00,137.00,203.00,0.0000,1000.00,0.00,1000.00,1000.00,0.0000,15445.53,0.00,7586.99,23754.26,0.0000,9.33,0.00,9.33,9.33,0.0000,16307.42,0.00,13362.51,19263.57,0.0000,6688.24,0.00,1504.18,12263.63,0.0000,127.48,0.00,89.58,1393.89,0.0000,53591.40,0.00,0.00,61480.34,0.0000,310757.00,0.00,310757.00,310757.00,0.0000,199959.00,0.00,199959.00,199959.00,0.0000,131.00,0.00,131.00,131.00,0.0000,199828.00,0.00,199828.00,199828.00,0.0000,4763.52,0.00,4763.52,4763.52,0.0000
200,1882.67,0.00,2.65,2887.27,0.0000,23.35,0.00,2.65,154.04,0.0000,2998.25,0.00,19.53,13383.27,0.0000,26.08,0.00,14.79,136.86,0.0000,4731.96,0.00,40.28,13383.27,0.0000,106.96,0.00,106.96,106.96,0.0000,0.87,0.00,0.31,22.39,0.0000,8712.17,0.00,3600.56,13688.45,0.0000,10.51,0.00,6.86,26.35,0.0000,187.25,0.00,0.00,200.00,0.0000,81.45,0.00,0.00,88.00,0.0000,1860.30,0.00,0.00,2887.27,0.0000,23.08,0.00,0.00,154.04,0.0000,20030.08,0.00,7594.03,29145.74,0.0000,105.80,0.00,0.00,200.00,0.0000,2871.55,0.00,0.00,13383.27,0.0000,24.98,0.00,0.00,136.86,0.0000,4731.85,0.00,0.00,13383.27,0.0000,0.00,0.00,0.00,0.00,0.0000,71.76,0.00,51.00,108.00,0.0000,1.00,0.00,1.00,1.00,0.0000,0.26,0.00,0.00,21.58,0.0000,0.28,0.00,0.00,21.58,0.0000,0.72,0.00,0.00,1.00,0.0000,19.17,0.00,13.92,28.28,0.0000,1.43,0.00,0.14,3.60,0.0000,0.02,0.00,0.00,1.52,0.0000,20029.16,0.00,7591.24,29143.80,0.0000,8712.17,0.00,3600.56,13688.45,0.0000,0.37,0.00,0.06,21.66,0.0000,20029.44,0.00,7591.24,29162.99,0.0000,11316.62,0.00,1266.90,18302.63,0.0000,307.16,0.00,5.00,806.00,0.0000,2871.55,0.00,2871.55,2871.55,0.0000,123.12,0.00,26.29,1390.55,0.0000,43.78,0.00,18.09,69.13,0.0000,475.40,0.00,475.40,475.40,0.0000,1018.52,0.00,1018.52,1018.52,0.0000,254.27,0.00,254.27,254.27,0.0000,50.85,0.00,50.85,50.85,0.0000,100.27,0.00,100.27,100.27,0.0000,254.26,0.00,254.26,254.26,0.0000,3.93,0.00,3.93,3.93,0.0000,3.93,0.00,3.93,3.93,0.0000,0.02,0.00,0.02,0.02,0.0000,50851.71,0.00,50851.71,50851.71,0.0000,591.86,0.00,591.86,591.86,0.0000,0.00,0.00,0.00,0.00,0.0000,-0.01,0.00,-1.50,0.50,0.0000,199.99,0.00,197.00,201.00,0.0000,121.00,0.00,55.00,187.00,0.0000,1869.65,0.00,1869.65,1869.65,0.0000,24.18,0.00,14.46,55.27,0.0000,33.51,0.00,0.41,242.06,0.0000,199.75,0.00,12.00,201.00,0.0000,1000.00,0.00,1000.00,1000.00,0.0000,20029.21,0.00,7591.31,29143.84,0.0000,9.35,0.00,9.35,9.35,0.0000,16551.00,0.00,12784.60,20317.39,0.0000,11317.04,0.00,1267.15,18303.06,0.0000,134.34,0.00,90.58,1390.55,0.0000,65951.27,0.00,0.00,77000.74,0.0000,307157.00,0.00,307157.00,307157.00,0.0000,199988.00,0.00,199988.00,199988.00,0.0000,242.00,0.00,242.00,242.00,0.0000,199746.00,0.00,199746.00,199746.00,0.0000,4741.20,0.00,4741.20,4741.20,0.0000

Best Configurations

Pareto Optimal Points
None

Metadata
Field,Value
Aggregation Type,sweep
Sweep Parameters,concurrency
Number of Combinations,7
Number of Profile Runs,7
Number of Successful Runs,7
